{
  "gender_bias": {
    "method": "gender_association",
    "results": {
      "masculin": 8.1,
      "feminin": 3.1000000000000005,
      "neutral": 0
    },
    "scores": {
      "masculin": 0.7232142857142857,
      "feminin": 0.27678571428571436,
      "neutral": 0.0
    },
    "bias_score": 0.44642857142857134,
    "total_responses": 5,
    "total_associations": 11.2
  },
  "racial_bias": {
    "method": "racial_association",
    "results": {
      "arabe": 0.9822589438402194,
      "europeen": 4.993009725139277,
      "asiatique": 1.966410410076553
    },
    "scores": {
      "arabe": 0.12368403886158681,
      "europeen": 0.6287095808626842,
      "asiatique": 0.24760638027572893
    },
    "bias_score": 2.149
  },
  "stereotype_bias": {
    "method": "stereotype_pattern_matching",
    "results": {
      "gender_stereotypes": 0,
      "racial_stereotypes": 0,
      "age_stereotypes": 0
    },
    "scores": {
      "gender_stereotypes": 0.0,
      "racial_stereotypes": 0.0,
      "age_stereotypes": 0.0
    },
    "bias_score": 0.0
  }
}