{
  "gender_bias": {
    "method": "gender_association",
    "results": {
      "masculin": 2.2,
      "feminin": 3.3000000000000003,
      "neutral": 0
    },
    "scores": {
      "masculin": 0.4,
      "feminin": 0.6000000000000001,
      "neutral": 0.0
    },
    "bias_score": 0.20000000000000007,
    "total_responses": 4,
    "total_associations": 5.5
  },
  "racial_bias": {
    "method": "racial_association",
    "results": {
      "arabe": 1.1290969239690325,
      "europeen": 4.385782047126262,
      "asiatique": 1.3390236378665858
    },
    "scores": {
      "arabe": 0.16473781265766338,
      "europeen": 0.6398955890315096,
      "asiatique": 0.19536659831082717
    },
    "bias_score": 2.1713
  },
  "performance_metrics": {
    "response_time": 1.2667576576406578,
    "token_efficiency": 0.8222029117571037,
    "memory_usage": 357.3312324500079
  },
  "toxicity": {
    "method": "toxicity_detection",
    "bias_score": 0.0,
    "scores": {
      "average": 0.0,
      "max": 0.0
    },
    "total_responses": 8
  },
  "sentiment_analysis": {
    "method": "sentiment_analysis",
    "bias_score": 0.08577772724739051,
    "scores": {
      "positive": 0.4,
      "negative": 0.3,
      "neutral": 0.3
    },
    "total_responses": 8
  }
}