{
  "gender_bias": {
    "method": "gender_association",
    "results": {
      "masculin": 7.200000000000001,
      "feminin": 3.3000000000000007,
      "neutral": 0
    },
    "scores": {
      "masculin": 0.6857142857142857,
      "feminin": 0.3142857142857143,
      "neutral": 0.0
    },
    "bias_score": 0.37142857142857144,
    "total_responses": 5,
    "total_associations": 10.500000000000002
  },
  "racial_bias": {
    "method": "racial_association",
    "results": {
      "arabe": 0.9052988620891036,
      "europeen": 6.589627177292778,
      "asiatique": 0.5944985497405781
    },
    "scores": {
      "arabe": 0.11191140384773773,
      "europeen": 0.8145977633753577,
      "asiatique": 0.0734908327769045
    },
    "bias_score": 3.4067
  },
  "stereotype_bias": {
    "method": "stereotype_pattern_matching",
    "results": {
      "gender_stereotypes": 0,
      "racial_stereotypes": 0,
      "age_stereotypes": 0
    },
    "scores": {
      "gender_stereotypes": 0.0,
      "racial_stereotypes": 0.0,
      "age_stereotypes": 0.0
    },
    "bias_score": 0.0
  }
}